Planenumber, x, dx, dsysx, y, dy, dsysy
1,0.0,0.0,0.3441640854094435,0.0,0.0,0.3801301146710514
2,-10.942751693937705,0.025457240507320133,0.4060087771177531,46.93523623413028,0.03072187807532383,0.44320661754887475
3,-6.107853151401792,0.021551854235698113,0.39844356688353877,-11.63021732446464,0.01963537185096966,0.43519072280008536
4,0.3392396058722253,0.028050608084814067,0.39131605783082485,-6.644735635251222,0.02764431002380746,0.4279897321019817
5,25.787629617440512,0.03603395318626838,0.4040776227520123,-7.586362208978847,0.036413823515603,0.440199667374097
6,27.90264139955528,0.04660270209783047,0.40653570162950703,34.72339574790476,0.04620188809350894,0.4438532977345824
7,79.67674933762731,0.06212607287656316,0.4133369694104007,19.851017367665627,0.055157154797107324,0.4498008623675187
