Plane,  mean,  error
1,0.7701484144572731,0.002708125275273944
2,0.11158377393198111,0.0006703406224957135
3,0.024381464456249214,0.0002960848983425579
4,0.007494988373431281,0.00016701774577342784
5,0.0026437704594429487,9.072212019304148e-05
6,0.0011722264668335342,6.53223995656933e-05
7,0.000991132894199522,5.7167385133286384e-05
